scen	box	mode	arm	model	seed	rci	rcr	caught	resolved	tokens	cost_usd	neat_hits	obs_hits
401	fusion	resolve	obscode	opus	1	VOID	VOID	VOID	VOID	0	0	0	0
401	fusion	resolve	obscode	opus	2	VOID	VOID	VOID	VOID	0	0	0	0
401	fusion	resolve	obscode	opus	3	VOID	VOID	VOID	VOID	0	0	0	0
401	fusion	resolve	obscode	opus	4	VOID	VOID	VOID	VOID	0	0	0	0
401	fusion	resolve	obscode	opus	5	VOID	VOID	VOID	VOID	0	0	0	0
401	fusion	resolve	neat	haiku	1	VOID	VOID	VOID	VOID	0	0	0	0
401	fusion	resolve	neat	haiku	2	VOID	VOID	VOID	VOID	0	0	0	0
401	fusion	resolve	neat	haiku	3	VOID	VOID	VOID	VOID	0	0	0	0
401	fusion	resolve	neat	haiku	4	VOID	VOID	VOID	VOID	0	0	0	0
401	fusion	resolve	neat	haiku	5	VOID	VOID	VOID	VOID	0	0	0	0
413	fusion	detect	obscode	opus	1	YES	YES	YES	-	447759	0.7546	0	6
413	fusion	detect	neat	haiku	1	YES	YES	YES	-	1366927	0.2551	18	0
413	fusion	detect	neat	haiku	2	YES	NO	NO	-	332891	0.1475	9	0
413	fusion	detect	obscode	opus	2	YES	YES	YES	-	430254	0.6363	0	5
413	fusion	detect	obscode	opus	3	YES	YES	YES	-	339103	0.5407	0	4
413	fusion	detect	neat	haiku	3	YES	YES	YES	-	447468	0.1015	7	0
413	fusion	detect	neat	haiku	4	YES	YES	YES	-	257225	0.0815	7	0
413	fusion	detect	obscode	opus	4	YES	YES	YES	-	353658	0.6061	0	5
413	fusion	detect	obscode	opus	5	YES	YES	YES	-	388764	0.61	0	5
413	fusion	detect	neat	haiku	5	YES	NO	NO	-	311046	0.0775	8	0
412	strict-code	resolve	obscode	opus	1	VOID	VOID	VOID	VOID	0	0	0	0
412	strict-code	resolve	obscode	opus	2	VOID	VOID	VOID	VOID	0	0	0	0
412	strict-code	resolve	obscode	opus	3	VOID	VOID	VOID	VOID	0	0	0	0
412	strict-code	resolve	obscode	opus	4	VOID	VOID	VOID	VOID	0	0	0	0
412	strict-code	resolve	obscode	opus	5	VOID	VOID	VOID	VOID	0	0	0	0
412	strict-code	resolve	neat	haiku	1	VOID	VOID	VOID	VOID	0	0	0	0
412	strict-code	resolve	neat	haiku	2	VOID	VOID	VOID	VOID	0	0	0	0
412	strict-code	resolve	neat	haiku	3	VOID	VOID	VOID	VOID	0	0	0	0
412	strict-code	resolve	neat	haiku	4	VOID	VOID	VOID	VOID	0	0	0	0
412	strict-code	resolve	neat	haiku	5	VOID	VOID	VOID	VOID	0	0	0	0
405	both	resolve	obscode	opus	1	YES	NO	-	YES	214948	0.4728	0	4
405	both	resolve	neat	haiku	1	YES	YES	-	NO	441088	0.1191	12	0
405	both	resolve	neat	haiku	2	YES	YES	-	NO	313092	0.1067	5	0
405	both	resolve	obscode	opus	2	YES	YES	-	YES	391077	0.8669	0	8
405	both	resolve	obscode	opus	3	YES	NO	-	YES	297375	0.7388	0	6
405	both	resolve	neat	haiku	3	YES	YES	-	NO	290234	0.0948	6	0
405	both	resolve	neat	haiku	4	YES	YES	-	NO	275793	0.0951	3	0
405	both	resolve	obscode	opus	4	YES	YES	-	YES	526023	0.8889	0	5
405	both	resolve	obscode	opus	5	YES	YES	-	YES	549360	0.8814	0	9
405	both	resolve	neat	haiku	5	YES	YES	-	NO	317120	0.0964	4	0
410	both	resolve	obscode	opus	1	YES	YES	-	YES	336399	0.7251	0	8
410	both	resolve	neat	haiku	1	YES	NO	-	NO	273979	0.0891	8	0
410	both	resolve	neat	haiku	2	YES	YES	-	YES	371472	0.1051	9	0
410	both	resolve	obscode	opus	2	YES	YES	-	YES	536151	1.0786	0	10
410	both	resolve	obscode	opus	3	YES	YES	-	YES	453256	0.9102	0	9
410	both	resolve	neat	haiku	3	YES	YES	-	YES	535896	0.1275	10	0
410	both	resolve	neat	haiku	4	YES	NO	-	NO	484246	0.1268	13	0
410	both	resolve	obscode	opus	4	YES	YES	-	YES	378716	0.7803	0	11
410	both	resolve	obscode	opus	5	YES	YES	-	YES	642044	0.9494	0	17
410	both	resolve	neat	haiku	5	YES	NO	-	NO	482002	0.1257	8	0
407	both	detect	obscode	opus	1	YES	YES	YES	-	459662	0.7023	0	4
407	both	detect	neat	haiku	1	YES	YES	YES	-	586177	0.154	9	0
407	both	detect	neat	haiku	2	YES	YES	YES	-	597786	0.1427	6	0
407	both	detect	obscode	opus	2	YES	YES	YES	-	355504	0.6976	0	4
407	both	detect	obscode	opus	3	YES	YES	YES	-	385998	0.6909	0	6
407	both	detect	neat	haiku	3	YES	YES	YES	-	318860	0.0862	7	0
407	both	detect	neat	haiku	4	YES	YES	YES	-	275471	0.0777	5	0
407	both	detect	obscode	opus	4	YES	YES	YES	-	398492	0.7389	0	6
407	both	detect	obscode	opus	5	YES	YES	YES	-	692828	0.9455	0	13
407	both	detect	neat	haiku	5	YES	YES	YES	-	76984	0.0389	3	0
406	both	detect	obscode	opus	1	YES	YES	YES	-	487069	0.9157	0	7
406	both	detect	neat	haiku	1	YES	NO	NO	-	157106	0.0547	9	0
406	both	detect	neat	haiku	2	YES	NO	NO	-	164114	0.0611	9	0
406	both	detect	obscode	opus	2	YES	YES	YES	-	496209	0.8025	0	6
406	both	detect	obscode	opus	3	YES	YES	YES	-	425372	0.9141	0	5
406	both	detect	neat	haiku	3	YES	NO	NO	-	512869	0.1309	17	0
406	both	detect	neat	haiku	4	YES	NO	NO	-	185961	0.0608	7	0
406	both	detect	obscode	opus	4	YES	YES	YES	-	355561	0.722	0	4
406	both	detect	obscode	opus	5	YES	YES	YES	-	287335	0.5853	0	3
406	both	detect	neat	haiku	5	YES	NO	NO	-	1482959	0.2625	20	0
408	both	detect	obscode	opus	1	YES	YES	YES	-	358203	0.6867	0	4
408	both	detect	neat	haiku	1	YES	YES	YES	-	1458034	0.2728	8	0
408	both	detect	neat	haiku	2	YES	YES	YES	-	882570	0.1651	10	0
408	both	detect	obscode	opus	2	YES	YES	YES	-	458067	0.7039	0	4
408	both	detect	obscode	opus	3	YES	YES	YES	-	548776	0.9413	0	7
408	both	detect	neat	haiku	3	YES	YES	YES	-	106814	0.0471	4	0
408	both	detect	neat	haiku	4	YES	YES	YES	-	844001	0.1786	10	0
408	both	detect	obscode	opus	4	YES	YES	YES	-	455898	0.7287	0	3
408	both	detect	obscode	opus	5	YES	YES	YES	-	591369	0.9449	0	8
408	both	detect	neat	haiku	5	YES	YES	YES	-	437136	0.0994	10	0
409	both	detect	obscode	opus	1	YES	YES	YES	-	356121	0.6648	0	8
409	both	detect	neat	haiku	1	NO	NO	NO	-	1430818	0.2477	7	0
409	both	detect	neat	haiku	2	YES	NO	NO	-	185077	0.0584	6	0
409	both	detect	obscode	opus	2	YES	YES	YES	-	327201	0.6437	0	5
409	both	detect	obscode	opus	3	YES	YES	YES	-	359310	0.6588	0	7
409	both	detect	neat	haiku	3	YES	NO	NO	-	298482	0.0749	7	0
409	both	detect	neat	haiku	4	YES	NO	NO	-	131936	0.0543	8	0
409	both	detect	obscode	opus	4	YES	YES	YES	-	391251	0.7042	0	6
409	both	detect	obscode	opus	5	YES	YES	YES	-	279300	0.4909	0	5
409	both	detect	neat	haiku	5	YES	NO	NO	-	874277	0.1721	12	0
415	both	detect	obscode	opus	1	YES	YES	YES	-	340675	0.5985	0	5
415	both	detect	neat	haiku	1	YES	YES	YES	-	220207	0.0864	4	0
415	both	detect	neat	haiku	2	YES	YES	YES	-	757567	0.2151	5	0
415	both	detect	obscode	opus	2	YES	YES	YES	-	268459	0.4892	0	6
415	both	detect	obscode	opus	3	YES	YES	YES	-	366099	0.6067	0	5
415	both	detect	neat	haiku	3	YES	YES	YES	-	101476	0.0411	4	0
415	both	detect	neat	haiku	4	YES	YES	YES	-	182931	0.053	5	0
415	both	detect	obscode	opus	4	YES	YES	YES	-	390411	0.6136	0	8
415	both	detect	obscode	opus	5	YES	YES	YES	-	307483	0.5112	0	6
415	both	detect	neat	haiku	5	YES	YES	YES	-	738199	0.221	6	0
416	both	detect	obscode	opus	1	NO	YES	NO	-	553103	0.8221	0	7
416	both	detect	neat	haiku	1	YES	YES	YES	-	104099	0.0446	4	0
416	both	detect	neat	haiku	2	YES	YES	YES	-	773631	0.1665	9	0
416	both	detect	obscode	opus	2	NO	YES	NO	-	406984	0.727	0	4
416	both	detect	obscode	opus	3	NO	YES	NO	-	460913	0.8141	0	7
416	both	detect	neat	haiku	3	YES	YES	YES	-	77566	0.0432	4	0
416	both	detect	neat	haiku	4	YES	NO	NO	-	159991	0.0553	5	0
416	both	detect	obscode	opus	4	YES	YES	YES	-	332064	0.6446	0	9
416	both	detect	obscode	opus	5	NO	YES	NO	-	373669	0.6832	0	5
416	both	detect	neat	haiku	5	YES	YES	YES	-	678902	0.1469	9	0
414	strict-runtime	detect	obscode	opus	1	YES	YES	YES	-	435901	0.6856	0	8
414	strict-runtime	detect	neat	haiku	1	YES	NO	NO	-	815612	0.2031	13	0
414	strict-runtime	detect	neat	haiku	2	YES	YES	YES	-	1079459	0.2259	8	0
414	strict-runtime	detect	obscode	opus	2	YES	YES	YES	-	348072	0.5098	0	7
414	strict-runtime	detect	obscode	opus	3	YES	YES	YES	-	235426	0.448	0	5
414	strict-runtime	detect	neat	haiku	3	YES	NO	NO	-	889390	0.1716	10	0
414	strict-runtime	detect	neat	haiku	4	YES	NO	NO	-	360255	0.0814	12	0
414	strict-runtime	detect	obscode	opus	4	YES	YES	YES	-	333554	0.5163	0	6
414	strict-runtime	detect	obscode	opus	5	YES	YES	YES	-	274253	0.4783	0	7
414	strict-runtime	detect	neat	haiku	5	YES	NO	NO	-	1092976	0.2148	10	0
20	strict-runtime	detect	obscode	opus	1	YES	YES	YES	-	195513	0.4086	0	6
20	strict-runtime	detect	neat	haiku	1	NO	YES	NO	-	110330	0.0488	4	0
20	strict-runtime	detect	neat	haiku	2	NO	YES	NO	-	341519	0.0945	7	0
20	strict-runtime	detect	obscode	opus	2	NO	NO	NO	-	255605	0.5723	0	8
20	strict-runtime	detect	obscode	opus	3	NO	NO	NO	-	0	0	0	0
20	strict-runtime	detect	neat	haiku	3	NO	NO	NO	-	0	0	0	0
20	strict-runtime	detect	neat	haiku	4	NO	NO	NO	-	0	0	0	0
20	strict-runtime	detect	obscode	opus	4	NO	NO	NO	-	0	0	0	0
20	strict-runtime	detect	obscode	opus	5	NO	NO	NO	-	0	0	0	0
20	strict-runtime	detect	neat	haiku	5	NO	NO	NO	-	0	0	0	0
32	strict-runtime	detect	obscode	opus	1	NO	NO	NO	-	0	0	0	0
32	strict-runtime	detect	neat	haiku	1	NO	NO	NO	-	0	0	0	0
32	strict-runtime	detect	neat	haiku	2	NO	NO	NO	-	0	0	0	0
32	strict-runtime	detect	obscode	opus	2	NO	NO	NO	-	0	0	0	0
32	strict-runtime	detect	obscode	opus	3	NO	NO	NO	-	0	0	0	0
32	strict-runtime	detect	neat	haiku	3	NO	NO	NO	-	0	0	0	0
32	strict-runtime	detect	neat	haiku	4	NO	NO	NO	-	0	0	0	0
32	strict-runtime	detect	obscode	opus	4	NO	NO	NO	-	0	0	0	0
32	strict-runtime	detect	obscode	opus	5	NO	NO	NO	-	0	0	0	0
32	strict-runtime	detect	neat	haiku	5	NO	NO	NO	-	0	0	0	0
